<?xml version="1.0" encoding="UTF-8" standalone="no"?>
<!DOCTYPE properties SYSTEM "http://java.sun.com/dtd/properties.dtd">
<properties>
	
	<entry key="selectBookList">
		SELECT *
		FROM (
			SELECT
				ROWNUM RNUM,
				BOOK_NO,
				GENRE_NAME,
				BOOK_TITLE,
				AUTHOR,
				BOOK_INFO,
				RENT_COUNT,
				
				CREATE_BOOK,
				B.STATUS,
				BC.FILE_PATH,
				BC.ORIGIN_NAME,
				BC.CHANGE_NAME
			FROM BOOK B
			JOIN BOOKCOVER BC USING(BOOK_NO)
			JOIN GENRE G USING(GENRE_NO)
			WHERE BOOK_TITLE LIKE ? AND B.STATUS='Y'
			ORDER BY RNUM DESC
		)
	</entry>
	<entry key="selectBook">
		SELECT
			BOOK_NO,
			GENRE_NAME,
			BOOK_TITLE,
			AUTHOR,
			BOOK_INFO,
			RENT_COUNT,
			CREATE_BOOK,
			B.STATUS,
		   	BC.FILE_PATH,
		    BC.ORIGIN_NAME,
		    BC.CHANGE_NAME
		FROM BOOK B
		JOIN BOOKCOVER BC USING(BOOK_NO)
		JOIN GENRE G USING(GENRE_NO)
		WHERE BOOK_NO = ?
	</entry>
	
	
	<entry key="selectCategoryList">
	SELECT GENRE_NO, GENRE_NAME
	FROM GENRE
	</entry>
	
	
	<entry key="insertBoard">
		INSERT INTO BOOK
		VALUES(SEQ_BOOK.NEXTVAL, ?, ?, ?, ?, 0, ?, 'Y', 0)
	</entry>
	
	<entry key = "insertCover">
		INSERT INTO BOOKCOVER
		VALUES(SEQ_COVER.NEXTVAL,SEQ_BOOK.CURRVAL,?,?,?,SYSDATE, 'Y')
	</entry>
	
	
	
	
	
	
	<entry key="insertBookAttachment">
		INSERT INTO BOOKATTACHMENT
		VALUES(SEQ_BOOK.CURRVAL, ?, ?, ?)	
	</entry>
	
	
	
	
	
	
	
	
	
	<entry key = "deleteBook">
		UPDATE BOOK
		SET STATUS='N'
		WHERE BOOK_NO=?
	</entry>
	
	<entry key ="selectCover">
		SELECT FILE_NO,
		    BOOK_NO,
		    ORIGIN_NAME,
		    CHANGE_NAME,
		    FILE_PATH,
		    ENROLL_DATE,
		    STATUS
		FROM BOOKCOVER
		WHERE BOOK_NO=?
	</entry>
	
	<entry key ="updateBook">
		UPDATE BOOK
		SET BOOK_TITLE = ?,
			GENRE_NO = ?,
			AUTHOR = ?,
			CREATE_BOOK = ?,
			BOOK_INFO = ?
		WHERE BOOK_NO = ?
	</entry>
	
	
	<entry key = "updateBookAttachment">
		UPDATE BOOKATTACHMENT
		SET FILE_PATH=?,
			ORIGIN_NAME=?,
			CHANGE_NAME=?
		WHERE BOOK_NO = ?
	</entry>
	
	
	
	
	<entry key = "updateCover">
		UPDATE BOOKCOVER
		SET ORIGIN_NAME = ?,
			CHANGE_NAME = ?,
			FILE_PATH = ?
		WHERE FILE_NO = ?
	</entry>
	<entry key = "selectListCount">
		SELECT COUNT(*) COUNT
		FROM BOOK
		WHERE STATUS='Y'
	</entry>
	<entry key = "rentbookInsert">
		INSERT INTO RENTBOOK
		VALUES(SEQ_RENTBOOK.NEXTVAL, ?, ?, DEFAULT, DEFAULT, 0, DEFAULT)
	</entry>
	
	
	<entry key = "rentbookChk">
		SELECT COUNT(*) COUNT
		FROM RENTBOOK
		WHERE BOOK_NO=? AND USER_NO=? AND STATUS='Y'
	</entry>
	
	<entry key = "selectBookAttachment">
		SELECT BOOK_NO,
		       FILE_PATH,
		       ORIGIN_NAME,
		       CHANGE_NAME
		FROM BOOKATTACHMENT
		WHERE BOOK_NO = ?
	</entry>
	<entry key="insertLike">
		INSERT INTO FAVORITE VALUES(?,?)
	</entry>
	<entry key="selectLike">
	SELECT BOOK_NO,BOOK_TITLE,AUTHOR
	FROM(SELECT BOOK_NO
	     FROM FAVORITE
	     WHERE USER_NO=?
	)
	JOIN BOOK USING(BOOK_NO)
	</entry>
	
	<entry key="deleteLike">
		DELETE FROM FAVORITE
		WHERE USER_NO=?
		AND BOOK_NO=?
	
	</entry>
	
	<entry key="increaseBookCount">
		UPDATE BOOK
		SET CLICK = CLICK + 1
		WHERE BOOK_NO=?
	</entry>
	
	<entry key="selectBookCount">
		SELECT *
		FROM BOOK
		WHERE BOOK_NO=?
	</entry>
	
	<!-- 최근 30일이내 조회 -->
	<entry key="rentCount">
		SELECT COUNT(*) "COUNT"
		FROM RENTBOOK
		WHERE BOOK_NO=?
		AND RENT_DATE>=TO_CHAR(SYSDATE-30,'YYYY-MM-DD')
	</entry>
			
	
	
	
</properties>