<?xml version="1.0" encoding="UTF-8" standalone="no"?>
<!DOCTYPE properties SYSTEM "http://java.sun.com/dtd/properties.dtd">
<properties>
<entry key="selectBaList">
SELECT *
FROM(SELECT ROWNUM RNUM,A.*
    FROM(SELECT BOOK_APPLY_NO
		  ,USER_ID
		  ,BOOK_APPLY_TITLE
		  ,BOOK_APPLY_CONTENT
		  ,CREATE_DATE
		  ,B.COUNT COUNT
        FROM BOOK_APPLY B
        JOIN MEMBER ON(BOOK_APPLY_WRITER=USER_NO)
        WHERE B.STATUS='Y'
        ORDER BY BOOK_APPLY_NO DESC)A)
WHERE RNUM BETWEEN ? AND ?
</entry>
<entry key="selectCount">
	SELECT COUNT(*) COUNT
	FROM BOOK_APPLY
</entry>

<entry key="increaseCount">
	UPDATE BOOK_APPLY
	SET COUNT=COUNT+1
	WHERE BOOK_APPLY_NO=?

</entry>
<entry key="selectBookApply">
	SELECT BOOK_APPLY_NO 
		  ,USER_ID
		  ,BOOK_APPLY_TITLE
		  ,BOOK_APPLY_CONTENT
		  ,CREATE_DATE
	FROM BOOK_APPLY
	JOIN MEMBER ON(USER_NO=BOOK_APPLY_WRITER)
	WHERE BOOK_APPLY_NO=?
</entry>
<entry key="selectList">
	SELECT COUNT(*) COUNT
	FROM BOOK_APPLY
</entry>

<entry key="insertBa">
	INSERT INTO BOOK_APPLY(BOOK_APPLY_NO
						  ,BOOK_APPLY_TITLE
						  ,BOOK_APPLY_CONTENT
						  ,BOOK_APPLY_WRITER
						  ,CREATE_DATE)
					VALUES(SEQ_BOOK_APPLY.NEXTVAL
						  ,?
						  ,?
						  ,?
						  ,DEFAULT)
</entry>
<entry key="insertReply">
	INSERT INTO REPLY(REPLY_NO
					 ,WRITER_NO
					 ,BOOK_APPLY_NO
					 ,REPLY_CONTENT
					 ,CREATE_DATE)
				VALUES(REP_SEQ.NEXTVAL
					  ,?
					  ,?
					  ,?
					  ,DEFAULT)
</entry>
<entry key="selectReply">
SELECT REPLY_NO
		  ,USER_ID
		  ,REPLY_CONTENT
		  ,CREATE_DATE
	FROM REPLY R
	JOIN MEMBER ON(USER_NO=WRITER_NO)
	WHERE BOOK_APPLY_NO=?
	AND R.STATUS='Y'
	ORDER BY CREATE_DATE DESC
</entry>
<entry key="deleteBapply">
	UPDATE BOOK_APPLY
	SET STATUS='N'
	WHERE BOOK_APPLY_NO=?
</entry>
<entry key="updateTitle">
	UPDATE BOOK_APPLY
	SET BOOK_APPLY_TITLE = '★'||BOOK_APPLY_TITLE
	WHERE BOOK_APPLY_NO = ?
	

</entry>
<entry key="deleteReply">
	UPDATE REPLY
	SET STATUS='N'
	WHERE REPLY_NO=?
</entry>
</properties>


 
