<?xml version="1.0" encoding="UTF-8" standalone="no"?>
<!DOCTYPE properties SYSTEM "http://java.sun.com/dtd/properties.dtd">
<properties>
	<entry key="loginMember">
		SELECT * FROM MEMBER
		WHERE USER_ID=?
		AND USER_PWD=?
		AND STATUS ='Y'
	</entry>
	
			
	<entry key="insertMember">
        INSERT INTO MEMBER( USER_NO,
	                		USER_ID,
	                  		USER_PWD,
	                    	USER_NAME,
	                    	USER_NICKNAME,
	                    	PHONE,
	                    	EMAIL,
                        	ADDRESS
                    ) VALUES(EX_SEQ.NEXTVAL, ?, ?, ?, ?, ?, ?, ?)     
	</entry>
	
	<entry key="updateMember">
		UPDATE MEMBER
		SET USER_NAME = ?
		   ,USER_NICKNAME = ?
		   ,PHONE = ? 
		   ,EMAIL = ?
		   ,ADDRESS = ?		   
		   ,MODIFY_DATE = SYSDATE
		WHERE USER_ID = ? 
	</entry>
	
	
	<entry key="selectMember">
		SELECT *
		FROM MEMBER
		WHERE USER_ID = ?
	</entry>


	<entry key="deleteMember">
		UPDATE MEMBER
		SET STATUS='N'
			,MODIFY_DATE = SYSDATE
		WHERE USER_ID = ?
		AND USER_PWD = ?
	</entry>


	<entry key="findId"> 
		SELECT USER_ID
		FROM MEMBER
		WHERE USER_NAME = ?
	</entry>
	
	
	
</properties>