<?xml version="1.0" encoding="UTF-8" standalone="no"?>
<!DOCTYPE properties SYSTEM "http://java.sun.com/dtd/properties.dtd">

<properties>
<entry key="selectNoticeList"> SELECT * FROM (SELECT ROWNUM RNUM, A.* FROM (SELECT BOARD_NO, BOARD_TITLE, COUNT, CREATE_DATE FROM BOARD WHERE BOARD_TYPE = 1 AND STATUS = 'Y' ORDER BY BOARD_NO DESC) A) WHERE RNUM BETWEEN ? AND ? </entry>
<entry key="selectListCount"> SELECT COUNT(*) COUNT FROM BOARD WHERE BOARD_TYPE=1 AND STATUS ='Y' </entry>
<entry key="insertNotice"> INSERT INTO BOARD( BOARD_NO, BOARD_TYPE, BOARD_TITLE, BOARD_CONTENT, BOARD_WRITER) VALUES (SEQ_BNO.NEXTVAL,1,?,?,1) </entry>
<entry key="insertAttachment"> INSERT INTO ATTACHMENT( FILE_NO, REF_BNO, ORIGIN_NAME, CHANGE_NAME, FILE_PATH) VALUES(SEQ_ANO.NEXTVAL,SEQ_BNO.CURRVAL,?,?,?) </entry>
<entry key="increaseCount"> UPDATE BOARD SET COUNT = COUNT + 1 WHERE BOARD_NO=? AND STATUS = 'Y' </entry>
<!--  게시글 1개  -->
<entry key="selectNotice"> SELECT BOARD_NO, BOARD_TITLE, USER_ID, CREATE_DATE, BOARD_CONTENT FROM BOARD B JOIN MEMBER ON (USER_NO=BOARD_WRITER) WHERE BOARD_NO =? AND B.STATUS ='Y' </entry>
<!--  게시글 1개 첨부파일  -->
<entry key="selectAttachment"> SELECT FILE_NO, ORIGIN_NAME, CHANGE_NAME, FILE_PATH FROM ATTACHMENT WHERE REF_BNO =? AND STATUS ='Y' </entry>
<entry key="deleteNotice"> UPDATE BOARD SET STATUS='N' WHERE BOARD_NO=? AND BOARD_TYPE=1 </entry>
<entry key="updateNotice"> UPDATE BOARD SET BOARD_TITLE=? ,BOARD_CONTENT=? WHERE BOARD_NO=? AND STATUS='Y' </entry>
<entry key="updateAttachment"> UPDATE ATTACHMENT SET ORIGIN_NAME=? ,CHANGE_NAME=? ,FILE_PATH=? ,UPLOAD_DATE=SYSDATE WHERE FILE_NO=? </entry>
<entry key="insertNewAttachment"> INSERT INTO ATTACHMENT(FILE_NO, REF_BNO, ORIGIN_NAME, CHANGE_NAME, FILE_PATH) VALUES(SEQ_ANO.NEXTVAL,?,?,?,?) </entry>
<!--  책 클릭 시 count증가  -->
<entry key="selectAjaxList"> SELECT * FROM BOOKCOUNT </entry>
<entry key="selectBookCount"> SELECT * FROM BOOKCOUNT WHERE BOOK_NO=? </entry>
<!--  //월별 (10월 11월 등) 대출권수 조회!!!  -->
<entry key="monthCount"> SELECT COUNT(*) "COUNT" FROM RENTBOOK WHERE BOOK_NO=? AND SUBSTR(RENT_DATE,4,2)=? </entry>
<entry key="selectTopList"> SELECT * FROM( SELECT ROWNUM RNUM, A.* FROM (SELECT BOARD_NO, BOARD_TITLE, CREATE_DATE FROM BOARD WHERE BOARD_TYPE=1 AND STATUS='Y' ORDER BY CREATE_DATE DESC) A) WHERE RNUM BETWEEN 1 AND 5 </entry>
</properties>