<?xml version="1.0" encoding="UTF-8" standalone="no"?>
<!DOCTYPE properties SYSTEM "http://java.sun.com/dtd/properties.dtd">
<properties>
<entry key="selectRentBook">
	SELECT BOOK_TITLE
		  ,RENT_DATE
		  ,RETURN_DATE
		  ,EXTENSION_DATE
	FROM RENTBOOK
	JOIN BOOK USING(BOOK_NO)
	WHERE USER_NO=?
	AND SUBSTR(RENT_DATE,4,2)=SUBSTR(SYSDATE,4,2)
	ORDER BY RENT_DATE DESC
	
</entry>
<entry key="selectReportDetail">
	SELECT REPORT_NO,
		   USER_ID,
		   REPORT_TITLE,
		   REPORT_CONTENT,
		   CREATE_DATE,
		   R.MODIFY_DATE
	FROM REPORT R
	JOIN MEMBER USING(USER_NO)
	WHERE REPORT_NO=?
</entry>
<entry key="selectReport">
	SELECT REPORT_NO,
		   BOOK_NO,
		   REPORT_TITLE,
		   REPORT_CONTENT,
		   CREATE_DATE,
		   MODIFY_DATE,
		   CHANGE_NAME,
		   FILE_PATH
FROM REPORT R 
JOIN BOOKCOVER USING(BOOK_NO)
WHERE USER_NO=?
AND R.STATUS='Y'
</entry>
<entry key="updateReport">
	UPDATE REPORT
	SET REPORT_TITLE=?,
	REPORT_CONTENT=?,
	MODIFY_DATE=SYSDATE
	WHERE REPORT_NO=?
	
</entry>
<entry key="deleteReport">
	UPDATE REPORT
	SET STATUS='N'
	WHERE REPORT_NO=? 
</entry>
<entry key="selectGrade">
	SELECT GRADE_NAME
	FROM MEMBER
	JOIN GRADE USING(GRADE_NO)
	WHERE USER_NO=?
</entry>
<entry key="countRentBook">
	SELECT COUNT(*) COUNT
	FROM RENTBOOK
	WHERE USER_NO=?
</entry>
<entry key="countMonth">
	SELECT COUNT(*) COUNT
	FROM RENTBOOK
	WHERE SUBSTR(RENT_DATE,4,2)=?
	AND USER_NO=?
</entry>
<entry key="selectKing">
	SELECT *
FROM(
SELECT ROWNUM RNUM,A.*
FROM(
    SELECT USER_ID,COUNT(USER_NO) COUNT
    FROM RENTBOOK
    JOIN MEMBER USING(USER_NO)
    GROUP BY USER_ID
    ORDER BY COUNT DESC)A)
WHERE RNUM BETWEEN 1 AND 3
</entry>
<entry key="insertReport">
	INSERT INTO REPORT VALUES(SEQ_REPORT.NEXTVAL
							 ,?
							 ,?
							 ,?
							 ,?
							 ,DEFAULT
							 ,DEFAULT
							 ,DEFAULT
							 ,DEFAULT)
</entry>


</properties>