<?xml version="1.0" encoding="UTF-8" standalone="no"?>
<!DOCTYPE properties SYSTEM "http://java.sun.com/dtd/properties.dtd">
<properties>

	
	<entry key="insertReview">
		INSERT INTO REVIEW (RV_NO
							,BOOK_NO
							,RV_USER_NO
							,STAR_SCORE
							,RV_CONTENT)
		VALUES (SEQ_RV.NEXTVAL,?,?,?,?)
	</entry>
	
	
	
	
	<entry key="selectReviewList">
		SELECT RV_NO
			 ,USER_ID
		     ,STAR_SCORE
		     ,RV_CONTENT
		     ,CREATE_DATE
		FROM REVIEW r
		left JOIN MEMBER m ON (r.RV_USER_NO = m.USER_NO)
		WHERE r.STATUS = 'Y'
		AND BOOK_NO = ?
		ORDER BY RV_NO DESC
	</entry>
	
	
	
	<entry key="deleteReview">
		UPDATE REVIEW
		SET STATUS = 'N'
		WHERE RV_NO = ?
	</entry>
	
	
	
	<entry key="selectList">
		SELECT *
		FROM (SELECT ROWNUM RNUM, A.*
				FROM
				(SELECT ,BOOK_NO
						,RV_USER_NO
						,STAR_SCORE
						,RV_CONTENT
						,CREATE_DATE
				FROM MEMBER M
				JOIN BOARD ON(BOARD_NO = BOOK_NO)
				left JOIN MEMBER m ON (r.RV_USER_NO = m.USER_NO)
				WHERE BOARD_TYPE = 1
				AND B.STATUS = 'Y'
				ORDER BY CREATE_DATE DESC) A)
		WHERE RNUM BETWEEN ? AND ?
	</entry>
	
	
	
	<entry key="selectReviewListCount">
		SELECT COUNT(*) COUNT
		FROM REVIEW
		WHERE STATUS = 'Y'
	</entry>
	
	
	
</properties>